event_pk,rn,date,work_area,organization,survey,sampling_bout,site,source,hakai_id,line_out_depth,ppm_c_doc,delta_13cvpdb_doc,analyzing_lab
374106,1,2017-05-11,CALVERT,HAKAI,ROCKY,2,ROCKY02,M,DO13C2148,0,2.033044444,-24.23,GGHATCH
374104,1,2017-05-11,CALVERT,HAKAI,ROCKY,3,ROCKY02,M,DO13C2154,0,3.034344444,-24.34,GGHATCH
374105,1,2017-05-11,CALVERT,HAKAI,ROCKY,1,ROCKY02,M,DO13C2155,0,2.254777778,-24.16,GGHATCH
374109,1,2017-05-12,CALVERT,HAKAI,ROCKY,2,ROCKY06,M,DO13C2149,0,1.012,-22.76,GGHATCH
374108,1,2017-05-12,CALVERT,HAKAI,ROCKY,1,ROCKY06,M,DO13C2150,0,1.249227778,-22.51,GGHATCH
374107,1,2017-05-12,CALVERT,HAKAI,ROCKY,3,ROCKY06,M,DO13C2151,0,0.912022222,-22.53,GGHATCH
374110,1,2017-05-14,CALVERT,HAKAI,ROCKY,3,ROCKY05,M,DO13C2252,0,0.923419444,-24.16,GGHATCH
374111,1,2017-05-14,CALVERT,HAKAI,ROCKY,2,ROCKY05,M,DO13C2253,0,0.985746667,-24.04,GGHATCH
374112,1,2017-05-14,CALVERT,HAKAI,ROCKY,1,ROCKY05,M,DO13C2254,0,0.945248333,-23.59,GGHATCH
293623,1,2017-05-18,CALVERT,HAKAI,KWAK_PP,1,PRUTH,M,DO13C2072,0,1.485166667,-24.23,GGHATCH
293623,1,2017-05-18,CALVERT,HAKAI,KWAK_PP,1,PRUTH,M,DO13C2073,5,1.4861,-24.35,GGHATCH
374113,1,2017-05-19,CALVERT,HAKAI,ROCKY,2,ROCKY04,M,DO13C2244,0,1.158381944,-23.07,GGHATCH
374114,1,2017-05-19,CALVERT,HAKAI,ROCKY,3,ROCKY04,M,DO13C2245,0,1.411122778,-24.99,GGHATCH
374115,1,2017-05-19,CALVERT,HAKAI,ROCKY,1,ROCKY04,M,DO13C2246,0,1.200588889,-23.15,GGHATCH
294642,1,2017-06-07,CALVERT,HAKAI,KWAK_PP,1,PRUTH,M,DO13C2088,0,1.576645,-24.35,GGHATCH
294642,1,2017-06-07,CALVERT,HAKAI,KWAK_PP,1,PRUTH,M,DO13C2087,5,1.42298,-23.93,GGHATCH
374116,1,2017-06-07,CALVERT,HAKAI,ROCKY,2,ROCKY02,M,DO13C2234,0,0.676695556,-26.02,GGHATCH
374117,1,2017-06-07,CALVERT,HAKAI,ROCKY,3,ROCKY02,M,DO13C2235,0,1.16325,-23.74,GGHATCH
374118,1,2017-06-07,CALVERT,HAKAI,ROCKY,1,ROCKY02,M,DO13C2240,0,1.487380278,-23.63,GGHATCH
374119,1,2017-06-08,CALVERT,HAKAI,ROCKY,1,ROCKY04,M,DO13C2227,0,1.360428056,-24.4,GGHATCH
374120,1,2017-06-08,CALVERT,HAKAI,ROCKY,3,ROCKY04,M,DO13C2232,0,1.204897222,-23.98,GGHATCH
374121,1,2017-06-08,CALVERT,HAKAI,ROCKY,2,ROCKY04,M,DO13C2233,0,1.783362778,-29.1,GGHATCH
374122,1,2017-06-09,CALVERT,HAKAI,ROCKY,1,ROCKY05,M,DO13C2224,0,1.155447222,-23.7,GGHATCH
374123,1,2017-06-09,CALVERT,HAKAI,ROCKY,3,ROCKY05,M,DO13C2225,0,1.297957222,-24.05,GGHATCH
374124,1,2017-06-09,CALVERT,HAKAI,ROCKY,2,ROCKY05,M,DO13C2226,0,1.284601389,-24.21,GGHATCH
374125,1,2017-06-23,CALVERT,HAKAI,ROCKY,3,ROCKY02,M,DO13C2217,0,1.089977778,-21.98,GGHATCH
374126,1,2017-06-23,CALVERT,HAKAI,ROCKY,2,ROCKY02,M,DO13C2218,0,1.271725,-21.45,GGHATCH
374127,1,2017-06-23,CALVERT,HAKAI,ROCKY,1,ROCKY02,M,DO13C2219,0,1.326577778,-21.36,GGHATCH
374128,1,2017-06-25,CALVERT,HAKAI,ROCKY,2,ROCKY04,M,DO13C2203,0,1.2012,-22.8,GGHATCH
374129,1,2017-06-25,CALVERT,HAKAI,ROCKY,1,ROCKY04,M,DO13C2208,0,1.292705556,-22.59,GGHATCH
374130,1,2017-06-25,CALVERT,HAKAI,ROCKY,3,ROCKY04,M,DO13C2210,0,1.079613889,-21.99,GGHATCH
307177,1,2017-06-28,CALVERT,HAKAI,KWAK_PP,1,PRUTH,M,DO13C2161,0,0.768011111,-22.53,GGHATCH
307177,1,2017-06-28,CALVERT,HAKAI,KWAK_PP,1,PRUTH,M,DO13C2162,5,0.773464444,-23.54,GGHATCH
374131,1,2017-06-28,CALVERT,HAKAI,ROCKY,3,ROCKY05,M,DO13C2209,0,0.848827778,-23.07,GGHATCH
374132,1,2017-06-28,CALVERT,HAKAI,ROCKY,1,ROCKY05,M,DO13C2211,0,1.063688889,-22.69,GGHATCH
374133,1,2017-06-28,CALVERT,HAKAI,ROCKY,2,ROCKY05,M,DO13C2216,0,1.020211111,-22.76,GGHATCH
374136,1,2017-06-30,CALVERT,HAKAI,ROCKY,2,ROCKY07,M,DO13C2200,0,1.006561111,-23.14,GGHATCH
374135,1,2017-06-30,CALVERT,HAKAI,ROCKY,3,ROCKY07,M,DO13C2201,0,0.981030556,-22.34,GGHATCH
374134,1,2017-06-30,CALVERT,HAKAI,ROCKY,1,ROCKY07,M,DO13C2202,0,0.878402778,-22.61,GGHATCH
374138,1,2017-07-01,CALVERT,HAKAI,ROCKY,3,ROCKY06,M,DO13C2190,0,1.060908333,-22.48,GGHATCH
374137,1,2017-07-01,CALVERT,HAKAI,ROCKY,1,ROCKY06,M,DO13C2191,0,1.238105556,-21.99,GGHATCH
374139,1,2017-07-01,CALVERT,HAKAI,ROCKY,2,ROCKY06,M,DO13C2197,0,1.175416667,-22.49,GGHATCH
374140,1,2017-07-07,CALVERT,HAKAI,ROCKY,1,ROCKY03,M,DO13C2189,0,1.214597222,-22.47,GGHATCH
374142,1,2017-07-07,CALVERT,HAKAI,ROCKY,3,ROCKY03,M,DO13C2198,0,0.922638889,-22.73,GGHATCH
374141,1,2017-07-07,CALVERT,HAKAI,ROCKY,2,ROCKY03,M,DO13C2205,0,0.676180556,-22.33,GGHATCH
312446,1,2017-07-21,CALVERT,HAKAI,KWAK_PP,1,PRUTH,M,DO13C2177,0,1.313644444,-22.29,GGHATCH
312446,1,2017-07-21,CALVERT,HAKAI,KWAK_PP,1,PRUTH,M,DO13C2179,5,1.21,-22.14,GGHATCH
374143,1,2017-08-08,CALVERT,HAKAI,ROCKY,2,ROCKY05,M,DO13C2196,0,0.496708333,-22.06,GGHATCH
374144,1,2017-08-08,CALVERT,HAKAI,ROCKY,3,ROCKY05,M,DO13C2207,0,0.926683333,-22.3,GGHATCH
374145,1,2017-08-08,CALVERT,HAKAI,ROCKY,1,ROCKY05,M,DO13C2212,0,0.998977778,-22.25,GGHATCH
374146,1,2017-08-10,CALVERT,HAKAI,ROCKY,1,ROCKY04,M,DO13C2204,0,0.805097222,-22.66,GGHATCH
374147,1,2017-08-10,CALVERT,HAKAI,ROCKY,3,ROCKY04,M,DO13C2220,0,0.907472222,-21.73,GGHATCH
374148,1,2017-08-10,CALVERT,HAKAI,ROCKY,2,ROCKY04,M,DO13C2228,0,1.149750556,-22.58,GGHATCH
374149,1,2017-08-11,CALVERT,HAKAI,ROCKY,3,ROCKY02,M,DO13C2213,0,1.459791667,-21.2,GGHATCH
374150,1,2017-08-11,CALVERT,HAKAI,ROCKY,2,ROCKY02,M,DO13C2215,0,0.908483333,-21.49,GGHATCH
374151,1,2017-08-11,CALVERT,HAKAI,ROCKY,1,ROCKY02,M,DO13C2255,0,1.327541111,-21.93,GGHATCH
315878,1,2017-08-13,CALVERT,HAKAI,KWAK_PP,4,PRUTH,M,DO13C2522,0,1.184073611,-23.28,GGHAATCH
315878,1,2017-08-13,CALVERT,HAKAI,KWAK_PP,4,PRUTH,M,DO13C2523,5,0.945535556,-23.33,GGHAATCH
321937,1,2017-08-30,CALVERT,HAKAI,KWAK_PP,3,PRUTH,M,DO13C2534,0,1.037427778,-24.65,GGHATCH
321937,1,2017-08-30,CALVERT,HAKAI,KWAK_PP,3,PRUTH,M,DO13C2535,5,1.086801111,-24.62,GGHATCH
374178,1,2017-09-17,CALVERT,HAKAI,ROCKY,1,ROCKY06,M,DO13C2222,0,1.267621412,-23.35,GGHATCH
374276,1,2017-09-17,CALVERT,HAKAI,ROCKY,2,ROCKY06,M,DO13C2223,0,1.455268912,-23.54,GGHATCH
513115,1,2017-09-17,CALVERT,HAKAI,ROCKY,3,ROCKY06,M,DO13C2247,0,1.468404237,-23.01,GGHATCH
374280,1,2017-09-18,CALVERT,HAKAI,ROCKY,3,ROCKY07,M,DO13C2195,0,,,
374179,1,2017-09-18,CALVERT,HAKAI,ROCKY,1,ROCKY07,M,DO13C2199,0,0.997204444,-23.03,GGHATCH
374282,1,2017-09-18,CALVERT,HAKAI,ROCKY,2,ROCKY07,M,DO13C2221,0,1.210451473,-23.52,GGHATCH
374286,1,2017-09-19,CALVERT,HAKAI,ROCKY,2,ROCKY03,M,DO13C2192,0,0.987077778,-23.03,GGHATCH
374180,1,2017-09-19,CALVERT,HAKAI,ROCKY,1,ROCKY03,M,DO13C2194,0,1.0192,-22.49,GGHATCH
513121,1,2017-09-19,CALVERT,HAKAI,ROCKY,3,ROCKY03,M,DO13C2214,0,0.960182222,-23.21,GGHATCH
342095,1,2017-09-20,CALVERT,HAKAI,KWAK_PP,4,PRUTH,M,DO13C2570,0,0.930893056,-23.98,GGHATCH
342095,1,2017-09-20,CALVERT,HAKAI,KWAK_PP,4,PRUTH,M,DO13C2571,5,0.975858056,-23.9,GGHATCH
348762,1,2017-10-11,CALVERT,HAKAI,KWAK_PP,3,PRUTH,M,DO13C2593,0,0.895773333,-23.66,GGHATCH
348762,1,2017-10-11,CALVERT,HAKAI,KWAK_PP,3,PRUTH,M,DO13C2594,5,0.856833056,-24.33,GGHATCH
513122,1,2017-11-16,CALVERT,HAKAI,ROCKY,3,ROCKY03,M,DO13C2241,0,1.276503393,-22.44,GGHATCH
374181,1,2017-11-16,CALVERT,HAKAI,ROCKY,1,ROCKY03,M,DO13C2242,0,1.523322405,-22.36,GGHATCH
374292,1,2017-11-16,CALVERT,HAKAI,ROCKY,2,ROCKY03,M,DO13C2243,0,1.337676478,-22.53,GGHATCH
513125,1,2017-11-17,CALVERT,HAKAI,ROCKY,3,ROCKY07,M,DO13C2193,0,0.850313333,-23.22,GGHATCH
374182,1,2017-11-17,CALVERT,HAKAI,ROCKY,1,ROCKY07,M,DO13C2206,0,0.908568889,-22.71,GGHATCH
374301,1,2017-11-17,CALVERT,HAKAI,ROCKY,2,ROCKY07,M,DO13C2239,0,1.039692248,-23.08,GGHATCH
513128,1,2017-11-18,CALVERT,HAKAI,ROCKY,3,ROCKY06,M,DO13C2251,0,6.499108613,-26.7,GGHATCH
374183,1,2017-11-18,CALVERT,HAKAI,ROCKY,1,ROCKY06,M,DO13C2258,0,6.32522193,-26.8,GGHATCH
374304,1,2017-11-18,CALVERT,HAKAI,ROCKY,2,ROCKY06,M,DO13C2259,0,6.686756113,-27.03,GGHATCH
360668,1,2017-12-02,CALVERT,HAKAI,KWAK_PP,2,PRUTH,M,DO13C2556,0,1.024986667,-24.96,GGHATCH
360668,1,2017-12-02,CALVERT,HAKAI,KWAK_PP,2,PRUTH,M,DO13C2557,5,0.978066667,-25.09,GGHATCH
364886,1,2018-01-13,CALVERT,HAKAI,KWAK_PP,4,PRUTH,M,DO13C2568,0,0.708786667,-24.33,GGHATCH
364886,1,2018-01-13,CALVERT,HAKAI,KWAK_PP,4,PRUTH,M,DO13C2569,5,0.71162,-24.03,GGHATCH
368606,1,2018-02-14,CALVERT,HAKAI,KWAK_PP,4,PRUTH,M,DO13C2826,0,0.915733333,-24.2,GGHATCH
368606,1,2018-02-14,CALVERT,HAKAI,KWAK_PP,4,PRUTH,M,DO13C2827,5,0.764546667,-24.06,GGHATCH
374084,1,2018-02-14,CALVERT,HAKAI,ROCKY,1,ROCKY03,M,DO13C2248,0,1.321413695,-22.41,GGHATCH
374312,1,2018-02-14,CALVERT,HAKAI,ROCKY,2,ROCKY03,M,DO13C2249,0,1.121131263,-22.31,GGHATCH
513133,1,2018-02-14,CALVERT,HAKAI,ROCKY,3,ROCKY03,M,DO13C2250,0,1.13414149,-21.62,GGHATCH
408544,1,2018-02-16,CALVERT,HAKAI,ROCKY,3,ROCKY07,M,DO13C2256,0,,,
408545,1,2018-02-16,CALVERT,HAKAI,ROCKY,2,ROCKY07,M,DO13C2257,0,,,
408544,2,2018-02-16,CALVERT,HAKAI,ROCKY,3,ROCKY07,M,DO13C2260,0,,,
513134,1,2018-02-16,CALVERT,HAKAI,ROCKY,3,ROCKY06,M,DO13C2261,0,1.2384735,-22.53,GGHATCH
374318,1,2018-02-16,CALVERT,HAKAI,ROCKY,2,ROCKY06,M,DO13C2262,0,1.221335028,-22.36,GGHATCH
374085,1,2018-02-16,CALVERT,HAKAI,ROCKY,1,ROCKY06,M,DO13C2263,0,1.312281517,-22.45,GGHATCH
374052,1,2018-02-25,CALVERT,HAKAI,ROCKY,1,ROCKY04,M,DO13C2264,0,1.14239798,-22.45,GGHATCH
374053,1,2018-02-25,CALVERT,HAKAI,ROCKY,2,ROCKY04,M,DO13C2265,0,1.072843307,-22.81,GGHATCH
374054,1,2018-02-25,CALVERT,HAKAI,ROCKY,3,ROCKY04,M,DO13C2266,0,0.987150948,-21.98,GGHATCH
371425,1,2018-02-26,CALVERT,HAKAI,ROCKY,1,ROCKY05,M,DO13C2267,0,1.006329412,-23.36,GGHATCH
371427,1,2018-02-26,CALVERT,HAKAI,ROCKY,3,ROCKY05,M,DO13C2268,0,0.937317431,-22.97,GGHATCH
371426,1,2018-02-26,CALVERT,HAKAI,ROCKY,2,ROCKY05,M,DO13C2269,0,0.950916477,-23.28,GGHATCH
374056,1,2018-02-28,CALVERT,HAKAI,ROCKY,2,ROCKY02,M,DO13C2270,0,0.978877132,-23.2,GGHATCH
374057,1,2018-02-28,CALVERT,HAKAI,ROCKY,3,ROCKY02,M,DO13C2271,0,0.975826879,-23.11,GGHATCH
374055,1,2018-02-28,CALVERT,HAKAI,ROCKY,1,ROCKY02,M,DO13C2272,0,0.979258414,-22.75,GGHATCH
374044,1,2018-03-20,CALVERT,HAKAI,ROCKY,2,ROCKY02,M,DO13C2273,0,0.995018056,-23.53,GGHATCH
374045,1,2018-03-20,CALVERT,HAKAI,ROCKY,3,ROCKY02,M,DO13C2274,0,0.977479099,-23.02,GGHATCH
374043,1,2018-03-20,CALVERT,HAKAI,ROCKY,1,ROCKY02,M,DO13C2275,0,0.981037728,-22.36,GGHATCH
374049,1,2018-03-21,CALVERT,HAKAI,ROCKY,1,ROCKY05,M,DO13C2276,0,1.078518741,-23.39,GGHATCH
374050,1,2018-03-21,CALVERT,HAKAI,ROCKY,2,ROCKY05,M,DO13C2277,0,0.944688876,-22.86,GGHATCH
374051,1,2018-03-21,CALVERT,HAKAI,ROCKY,3,ROCKY05,M,DO13C2278,0,0.949010068,-23.1,GGHATCH
374046,1,2018-03-22,CALVERT,HAKAI,ROCKY,1,ROCKY04,M,DO13C2279,0,0.924480948,-23.21,GGHATCH
374047,1,2018-03-22,CALVERT,HAKAI,ROCKY,2,ROCKY04,M,DO13C2280,0,0.978750038,-23.39,GGHATCH
374048,1,2018-03-22,CALVERT,HAKAI,ROCKY,3,ROCKY04,M,DO13C2292,0,0.952568697,-23.27,GGHATCH
374070,1,2018-03-24,CALVERT,HAKAI,QCS_V1,1,QCS01,M,DO13C2853,0,1.059745556,-23.23,GGHATCH
374070,1,2018-03-24,CALVERT,HAKAI,QCS_V1,1,QCS01,M,DO13C2854,5,1.033605,-22.46,GGHATCH
374070,1,2018-03-24,CALVERT,HAKAI,QCS_V1,1,QCS01,M,DO13C2855,10,0.977855,-22.91,GGHATCH
374731,1,2018-03-28,CALVERT,HAKAI,KWAK,2,PRUTH,M,DO13C2856,0,1.244711667,-22.83,GGHATCH
374731,1,2018-03-28,CALVERT,HAKAI,KWAK,2,PRUTH,M,DO13C2857,5,1.056028889,-22.53,GGHATCH
374731,1,2018-03-28,CALVERT,HAKAI,KWAK,2,PRUTH,M,DO13C2858,10,1.125778333,-22.51,GGHATCH
375268,1,2018-04-03,CALVERT,HAKAI,ROCKY,3,ROCKY02,M,DO13C2289,0,1.085886111,-23.06,GGHATCH
375267,1,2018-04-03,CALVERT,HAKAI,ROCKY,2,ROCKY02,M,DO13C2290,0,1.301328889,-23.59,GGHATCH
375266,1,2018-04-03,CALVERT,HAKAI,ROCKY,1,ROCKY02,M,DO13C2291,0,1.040418889,-23.02,GGHATCH
376152,1,2018-04-04,CALVERT,HAKAI,ROCKY,3,ROCKY05,M,DO13C2286,0,1.068293889,-23.27,GGHATCH
376150,1,2018-04-04,CALVERT,HAKAI,ROCKY,1,ROCKY05,M,DO13C2287,0,1.084151667,-23.25,GGHATCH
376151,1,2018-04-04,CALVERT,HAKAI,ROCKY,2,ROCKY05,M,DO13C2288,0,1.160715,-23.45,GGHATCH
376164,1,2018-04-05,CALVERT,HAKAI,ROCKY,1,ROCKY04,M,DO13C2283,0,1.1,-23.42,GGHATCH
376165,1,2018-04-05,CALVERT,HAKAI,ROCKY,2,ROCKY04,M,DO13C2284,0,1,-22.98,GGHATCH
376166,1,2018-04-05,CALVERT,HAKAI,ROCKY,3,ROCKY04,M,DO13C2285,0,1.046613333,-23.16,GGHATCH
378615,1,2018-04-20,CALVERT,HAKAI,ROCKY,3,ROCKY02,M,DO13C2297,0,0.785125,-22.86,GGHATCH
378613,1,2018-04-20,CALVERT,HAKAI,ROCKY,1,ROCKY02,M,DO13C2298,0,0.854486111,-23.09,GGHATCH
378614,1,2018-04-20,CALVERT,HAKAI,ROCKY,2,ROCKY02,M,DO13C2299,0,0.800708333,-22.88,GGHATCH
378774,1,2018-04-21,CALVERT,HAKAI,KWAK_PP;KWAK,2,PRUTH,M,DO13C2879,0,1.122152778,-24.57,GGHATCH
378774,1,2018-04-21,CALVERT,HAKAI,KWAK_PP;KWAK,2,PRUTH,M,DO13C2880,5,0.811097222,-23.71,GGHATCH
378774,1,2018-04-21,CALVERT,HAKAI,KWAK_PP;KWAK,2,PRUTH,M,DO13C2881,10,0.679861111,-23.73,GGHATCH
378982,1,2018-04-21,CALVERT,HAKAI,ROCKY,1,ROCKY04,M,DO13C2281,0,0.845,-23.19,GGHATCH
378984,1,2018-04-21,CALVERT,HAKAI,ROCKY,3,ROCKY04,M,DO13C2282,0,0.877,-22.76,GGHATCH
378983,1,2018-04-21,CALVERT,HAKAI,ROCKY,2,ROCKY04,M,DO13C3100,0,0.834625,-23.11,GGHATCH
379049,1,2018-04-22,CALVERT,HAKAI,QCS_V1,2,QCS01,M,DO13C2894,0,0.8415,-24.05,GGHATCH
379049,1,2018-04-22,CALVERT,HAKAI,QCS_V1,2,QCS01,M,DO13C2893,5,0.722180556,-23.94,GGHATCH
379769,1,2018-04-22,CALVERT,HAKAI,ROCKY,1,ROCKY05,M,DO13C2294,0,0.778708333,-23.68,GGHATCH
379771,1,2018-04-22,CALVERT,HAKAI,ROCKY,3,ROCKY05,M,DO13C2295,0,0.728138889,-23.69,GGHATCH
379770,1,2018-04-22,CALVERT,HAKAI,ROCKY,2,ROCKY05,M,DO13C2296,0,0.736541667,-23.65,GGHATCH
379240,1,2018-04-30,CALVERT,HAKAI,ROCKY,1,ROCKY02,M,DO13C3103,0,0.992138889,-22.33,GGHATCH
379241,1,2018-04-30,CALVERT,HAKAI,ROCKY,2,ROCKY02,M,DO13C3104,0,0.79475,-21.98,GGHATCH
379799,1,2018-04-30,CALVERT,HAKAI,ROCKY,3,ROCKY02,M,DO13C3105,0,0.880305556,-21.82,GGHATCH
379356,1,2018-05-01,CALVERT,HAKAI,ROCKY,1,ROCKY05,M,DO13C3109,0,0.793833333,-22.11,GGHATCH
379357,1,2018-05-01,CALVERT,HAKAI,ROCKY,2,ROCKY05,M,DO13C3110,0,0.754722222,-23.09,GGHATCH
379358,1,2018-05-01,CALVERT,HAKAI,ROCKY,3,ROCKY05,M,DO13C3111,0,0.757777778,-22.51,GGHATCH
379359,1,2018-05-02,CALVERT,HAKAI,ROCKY,1,ROCKY04,M,DO13C3106,0,1.008638889,-21.77,GGHATCH
379360,1,2018-05-02,CALVERT,HAKAI,ROCKY,2,ROCKY04,M,DO13C3107,0,0.872361111,-21.79,GGHATCH
379361,1,2018-05-02,CALVERT,HAKAI,ROCKY,3,ROCKY04,M,DO13C3108,0,0.837833333,-22.08,GGHATCH
387522,1,2018-05-15,CALVERT,HAKAI,ROCKY,1,ROCKY02,M,DO13C3115,0,1.058138889,-21.64,GGHATCH
387523,1,2018-05-15,CALVERT,HAKAI,ROCKY,2,ROCKY02,M,DO13C3116,0,1.024833333,-21.6,GGHATCH
387524,1,2018-05-15,CALVERT,HAKAI,ROCKY,3,ROCKY02,M,DO13C3117,0,1.036291667,-21.58,GGHATCH
387753,1,2018-05-16,CALVERT,HAKAI,ROCKY,1,ROCKY04,M,DO13C3121,0,1.002375,-20.97,GGHATCH
387754,1,2018-05-16,CALVERT,HAKAI,ROCKY,2,ROCKY04,M,DO13C3122,0,0.912847222,-22.02,GGHATCH
387755,1,2018-05-16,CALVERT,HAKAI,ROCKY,3,ROCKY04,M,DO13C3123,0,1.021930556,-22.4,GGHATCH
387758,1,2018-05-17,CALVERT,HAKAI,ROCKY,3,ROCKY05,M,DO13C3118,0,1.160652778,-21.63,GGHATCH
387757,1,2018-05-17,CALVERT,HAKAI,ROCKY,2,ROCKY05,M,DO13C3119,0,1.016430556,-22.4,GGHATCH
387756,1,2018-05-17,CALVERT,HAKAI,ROCKY,1,ROCKY05,M,DO13C3120,0,1.116805556,-21.86,GGHATCH
388102,1,2018-05-19,CALVERT,HAKAI,ROCKY,3,ROCKY06,M,DO13C3124,0,1.386927435,-24.32,GGHATCH
388100,1,2018-05-19,CALVERT,HAKAI,ROCKY,1,ROCKY06,M,DO13C3125,0,1.430483785,-23.61,GGHATCH
388101,1,2018-05-19,CALVERT,HAKAI,ROCKY,2,ROCKY06,M,DO13C3126,0,1.437448079,-22.94,GGHATCH
388141,1,2018-05-20,CALVERT,HAKAI,ROCKY,1,ROCKY03,M,DO13C3127,0,1.51063219,-24.73,GGHATCH
388143,1,2018-05-20,CALVERT,HAKAI,ROCKY,3,ROCKY03,M,DO13C3128,0,1.544391313,-25.2,GGHATCH
388142,1,2018-05-20,CALVERT,HAKAI,ROCKY,2,ROCKY03,M,DO13C3129,0,1.396488585,-25.06,GGHATCH
407603,1,2018-05-21,CALVERT,HAKAI,ROCKY,2,ROCKY07,M,DO13C3138,0,1.316930374,-23.48,GGHATCH
407523,1,2018-05-21,CALVERT,HAKAI,ROCKY,1,ROCKY07,M,DO13C3139,0,1.129366579,-24.06,GGHATCH
407604,1,2018-05-21,CALVERT,HAKAI,ROCKY,3,ROCKY07,M,DO13C3140,0,1.256494463,-23.23,GGHATCH
399505,1,2018-05-26,CALVERT,HAKAI,KWAK_PP,2,PRUTH,M,DO13C2915,0,1.149026667,-23.53,GGHATCH
399505,1,2018-05-26,CALVERT,HAKAI,KWAK_PP,2,PRUTH,M,DO13C2916,5,1.084265,-22.39,GGHATCH
399505,1,2018-05-26,CALVERT,HAKAI,KWAK_PP,2,PRUTH,M,DO13C2917,10,0.939575,-23.16,GGHATCH
404835,1,2018-05-29,CALVERT,HAKAI,QCS_V1,1,QCS01,M,DO13C2907,0,1.233505,-22.14,GGHATCH
404835,1,2018-05-29,CALVERT,HAKAI,QCS_V1,1,QCS01,M,DO13C2908,5,0.96733,-22.61,GGHATCH
404835,1,2018-05-29,CALVERT,HAKAI,QCS_V1,1,QCS01,M,DO13C2992,10,0.946703333,-22.21,GGHATCH
406193,1,2018-06-02,CALVERT,HAKAI,ROCKY,3,ROCKY02,M,DO13C3130,0,1.828156801,-23.93,GGHATCH
406192,1,2018-06-02,CALVERT,HAKAI,ROCKY,2,ROCKY02,M,DO13C3131,0,1.84102304,-24.61,GGHATCH
406191,1,2018-06-02,CALVERT,HAKAI,ROCKY,1,ROCKY02,M,DO13C3132,0,1.837717951,-24.63,GGHATCH
406200,1,2018-06-04,CALVERT,HAKAI,ROCKY,1,ROCKY05,M,DO13C3133,0,1.848341451,-24.56,GGHATCH
406201,1,2018-06-04,CALVERT,HAKAI,ROCKY,2,ROCKY05,M,DO13C3134,0,1.880684107,-24.56,GGHATCH
406202,1,2018-06-04,CALVERT,HAKAI,ROCKY,3,ROCKY05,M,DO13C3135,0,1.845862635,-24.45,GGHATCH
406197,1,2018-06-05,CALVERT,HAKAI,ROCKY,1,ROCKY04,M,DO13C3136,0,1.504730246,-22.84,GGHATCH
406199,1,2018-06-05,CALVERT,HAKAI,ROCKY,3,ROCKY04,M,DO13C3137,0,1.476046796,-23.05,GGHATCH
406198,1,2018-06-05,CALVERT,HAKAI,ROCKY,2,ROCKY04,M,DO13C3141,0,1.333691896,-23.04,GGHATCH
408431,1,2018-06-14,CALVERT,HAKAI,ROCKY,2,ROCKY06,M,DO13C3151,0,1.489031074,-23.43,GGHATCH
408430,1,2018-06-14,CALVERT,HAKAI,ROCKY,1,ROCKY06,M,DO13C3152,0,1.60411899,-23.69,GGHATCH
408432,1,2018-06-14,CALVERT,HAKAI,ROCKY,3,ROCKY06,M,DO13C3153,0,1.500126729,-23.34,GGHATCH
408507,1,2018-06-15,CALVERT,HAKAI,ROCKY,1,ROCKY03,M,DO13C3143,0,1.27903989,-23.82,GGHATCH
408508,1,2018-06-15,CALVERT,HAKAI,ROCKY,2,ROCKY03,M,DO13C3144,0,1.294502985,-23.78,GGHATCH
408509,1,2018-06-15,CALVERT,HAKAI,ROCKY,3,ROCKY03,M,DO13C3145,0,1.242801951,-23.86,GGHATCH
408541,1,2018-06-16,CALVERT,HAKAI,ROCKY,2,ROCKY07,M,DO13C3146,0,1.705514396,-21.39,GGHATCH
408542,1,2018-06-16,CALVERT,HAKAI,ROCKY,3,ROCKY07,M,DO13C3147,0,1.641537318,-21.67,GGHATCH
408540,1,2018-06-16,CALVERT,HAKAI,ROCKY,1,ROCKY07,M,DO13C3148,0,1.882572729,-21.08,GGHATCH
408966,1,2018-06-17,CALVERT,HAKAI,KWAK,1,PRUTH,M,DO13C2935,0,1.717046336,-24.94,GGHATCH
408966,1,2018-06-17,CALVERT,HAKAI,KWAK,1,PRUTH,M,DO13C2936,5,1.441235392,-24.64,GGHATCH
408966,1,2018-06-17,CALVERT,HAKAI,KWAK,1,PRUTH,M,DO13C2937,10,1.27609467,-24.18,GGHATCH
419450,1,2018-07-14,CALVERT,HAKAI,QCS_V1,2,QCS01,M,DO13C2953,0,1.187176713,-23.17,GGHATCH
419450,1,2018-07-14,CALVERT,HAKAI,QCS_V1,2,QCS01,M,DO13C2954,5,1.41640849,-23.51,GGHATCH
419450,1,2018-07-14,CALVERT,HAKAI,QCS_V1,2,QCS01,M,DO13C2965,10,1.24494657,-22.96,GGHATCH
419377,1,2018-07-20,CALVERT,HAKAI,KWAK,1,PRUTH,M,DO13C2969,0,1.250366343,-22.53,GGHATCH
419377,1,2018-07-20,CALVERT,HAKAI,KWAK,1,PRUTH,M,DO13C2970,5,1.19986391,-22.42,GGHATCH
419377,1,2018-07-20,CALVERT,HAKAI,KWAK,1,PRUTH,M,DO13C2971,10,1.056239917,-22.69,GGHATCH
420212,1,2018-07-23,CALVERT,HAKAI,ROCKY,3,ROCKY04,M,DO13C3142,0,1.633214733,-22.03,GGHATCH
420211,1,2018-07-23,CALVERT,HAKAI,ROCKY,1,ROCKY04,M,DO13C3149,0,1.693376227,-21.98,GGHATCH
420209,1,2018-07-25,CALVERT,HAKAI,ROCKY,2,ROCKY02,M,DO13C3155,0,1.773915,-22.18,GGHATCH
420208,1,2018-07-25,CALVERT,HAKAI,ROCKY,1,ROCKY02,M,DO13C3156,0,1.95367172,-23.03,GGHATCH
420210,1,2018-07-25,CALVERT,HAKAI,ROCKY,3,ROCKY02,M,DO13C3159,0,1.644131133,-22.21,GGHATCH
420214,1,2018-07-26,CALVERT,HAKAI,ROCKY,2,ROCKY05,M,DO13C3154,0,1.746017533,-23.08,GGHATCH
420213,1,2018-07-26,CALVERT,HAKAI,ROCKY,1,ROCKY05,M,DO13C3157,0,1.875316227,-22.82,GGHATCH
420215,1,2018-07-26,CALVERT,HAKAI,ROCKY,3,ROCKY05,M,DO13C3158,0,1.62326868,-23,GGHATCH
422161,1,2018-08-11,CALVERT,HAKAI,ROCKY,1,ROCKY07,M,DO13C3160,0,1.47677919,-24.09,GGHATCH
422162,1,2018-08-11,CALVERT,HAKAI,ROCKY,2,ROCKY07,M,DO13C3161,0,1.279625737,-23.93,GGHATCH
422163,1,2018-08-11,CALVERT,HAKAI,ROCKY,3,ROCKY07,M,DO13C3162,0,1.671021094,-28.11,GGHATCH
422207,1,2018-08-12,CALVERT,HAKAI,ROCKY,2,ROCKY03,M,DO13C3166,0,2.365633472,-32.56,GGHATCH
422208,1,2018-08-12,CALVERT,HAKAI,ROCKY,3,ROCKY03,M,DO13C3167,0,2.480223718,-33.18,GGHATCH
422206,1,2018-08-12,CALVERT,HAKAI,ROCKY,1,ROCKY03,M,DO13C3168,0,2.358770536,-32.32,GGHATCH
422500,1,2018-08-13,CALVERT,HAKAI,ROCKY,1,ROCKY06,M,DO13C3163,0,2.325703659,-31.5,GGHATCH
422501,1,2018-08-13,CALVERT,HAKAI,ROCKY,2,ROCKY06,M,DO13C3164,0,2.394540993,-31.92,GGHATCH
422502,1,2018-08-13,CALVERT,HAKAI,ROCKY,3,ROCKY06,M,DO13C3165,0,2.254578679,-31.31,GGHATCH
422486,1,2018-08-14,CALVERT,HAKAI,ROCKY,1,ROCKY02,M,DO13C3169,0,1.282655156,-21.49,GGHATCH
422487,1,2018-08-14,CALVERT,HAKAI,ROCKY,2,ROCKY02,M,DO13C3170,0,1.27444433,-20.8,GGHATCH
422488,1,2018-08-14,CALVERT,HAKAI,ROCKY,3,ROCKY02,M,DO13C3171,0,1.267188251,-21.56,GGHATCH
422503,1,2018-08-15,CALVERT,HAKAI,ROCKY,1,ROCKY05,M,DO13C3172,0,1.053324873,-22.68,GGHATCH
422504,1,2018-08-15,CALVERT,HAKAI,ROCKY,2,ROCKY05,M,DO13C3173,0,1.051606328,-22.6,GGHATCH
422505,1,2018-08-15,CALVERT,HAKAI,ROCKY,3,ROCKY05,M,DO13C3174,0,1.056571013,-23.45,GGHATCH
422565,1,2018-08-16,CALVERT,HAKAI,ROCKY,1,ROCKY04,M,DO13C3175,0,1.248284256,-24.81,GGHATCH
422566,1,2018-08-16,CALVERT,HAKAI,ROCKY,2,ROCKY04,M,DO13C3176,0,1.502628916,-27.4,GGHATCH
422567,1,2018-08-16,CALVERT,HAKAI,ROCKY,3,ROCKY04,M,DO13C3177,0,1.914888766,-31.32,GGHATCH
427138,1,2018-08-24,CALVERT,HAKAI,KWAK,1,PRUTH,M,DO13C2995,0,,,
427138,1,2018-08-24,CALVERT,HAKAI,KWAK,1,PRUTH,M,DO13C2996,5,,,
427138,1,2018-08-24,CALVERT,HAKAI,KWAK,1,PRUTH,M,DO13C2997,10,,,
427647,1,2018-08-28,CALVERT,HAKAI,QCS_V1,2,QCS01,M,DO13C3004,0,,,
427647,1,2018-08-28,CALVERT,HAKAI,QCS_V1,2,QCS01,M,DO13C3005,5,,,
427647,1,2018-08-28,CALVERT,HAKAI,QCS_V1,2,QCS01,M,DO13C3009,10,,,
429171,1,2018-09-11,CALVERT,HAKAI,KWAK,1,PRUTH,M,DO13C3017,0,2.388633017,-25.86,GGHATCH
429171,1,2018-09-11,CALVERT,HAKAI,KWAK,1,PRUTH,M,DO13C3018,5,1.6403121,-25.46,GGHATCH
429171,1,2018-09-11,CALVERT,HAKAI,KWAK,1,PRUTH,M,DO13C3019,10,1.333807461,-22.53,GGHATCH
434199,1,2018-09-11,CALVERT,HAKAI,ROCKY,3,ROCKY02,M,DO13C3178,0,1.933983711,-30.2,GGHATCH
434200,1,2018-09-11,CALVERT,HAKAI,ROCKY,2,ROCKY02,M,DO13C3179,0,2.394171872,-32.89,GGHATCH
434194,1,2018-09-11,CALVERT,HAKAI,ROCKY,1,ROCKY02,M,DO13C3180,0,2.018192416,-30.44,GGHATCH
434202,1,2018-09-11,CALVERT,HAKAI,ROCKY,2,ROCKY07,M,DO13C3181,0,2.335932291,-32.02,GGHATCH
434203,1,2018-09-11,CALVERT,HAKAI,ROCKY,3,ROCKY07,M,DO13C3182,0,2.316837347,-31.64,GGHATCH
434195,1,2018-09-11,CALVERT,HAKAI,ROCKY,1,ROCKY07,M,DO13C3183,0,2.339178432,-31.32,GGHATCH
434205,1,2018-09-12,CALVERT,HAKAI,ROCKY,2,ROCKY05,M,DO13C3184,0,2.431788912,-33.07,GGHATCH
434196,1,2018-09-12,CALVERT,HAKAI,ROCKY,1,ROCKY05,M,DO13C3185,0,2.663410588,-33.49,GGHATCH
434207,1,2018-09-12,CALVERT,HAKAI,ROCKY,3,ROCKY05,M,DO13C3186,0,1.423384896,-27.5,GGHATCH
430718,1,2018-09-13,CALVERT,HAKAI,QCS_V1,1,QCS01,M,DO13C3020,0,1.198711975,-23.01,GGHATCH
430718,1,2018-09-13,CALVERT,HAKAI,QCS_V1,1,QCS01,M,DO13C3021,5,0.956837017,-21.94,GGHATCH
430718,1,2018-09-13,CALVERT,HAKAI,QCS_V1,1,QCS01,M,DO13C3022,10,2.377393072,-32.15,GGHATCH
455460,1,2018-09-13,CALVERT,HAKAI,ROCKY,1,ROCKY04,M,DO13C3187,0,1.255540335,-24.56,GGHATCH
455461,1,2018-09-13,CALVERT,HAKAI,ROCKY,2,ROCKY04,M,DO13C3188,0,1.179351506,-25.03,GGHATCH
455462,1,2018-09-13,CALVERT,HAKAI,ROCKY,3,ROCKY04,M,DO13C3189,0,1.044541198,-21.82,GGHATCH
434208,1,2018-09-13,CALVERT,HAKAI,ROCKY,3,ROCKY03,M,DO13C3190,0,0.963960533,-22.32,GGHATCH
434209,1,2018-09-13,CALVERT,HAKAI,ROCKY,2,ROCKY03,M,DO13C3191,0,0.992030101,-23.16,GGHATCH
434197,1,2018-09-13,CALVERT,HAKAI,ROCKY,1,ROCKY03,M,DO13C3192,0,1.013798338,-23.3,GGHATCH
434211,1,2018-09-13,CALVERT,HAKAI,ROCKY,2,ROCKY06,M,DO13C3193,0,1.215631901,-25.56,GGHATCH
434198,1,2018-09-13,CALVERT,HAKAI,ROCKY,1,ROCKY06,M,DO13C3194,0,1.84481032,-29.96,GGHATCH
434213,1,2018-09-13,CALVERT,HAKAI,ROCKY,3,ROCKY06,M,DO13C3195,0,2.091135103,-31.68,GGHATCH
435708,1,2018-10-10,CALVERT,HAKAI,ROCKY,1,ROCKY02,M,DO13C3196,0,,,GGHATCH
435709,1,2018-10-10,CALVERT,HAKAI,ROCKY,2,ROCKY02,M,DO13C3197,0,,,GGHATCH
435710,1,2018-10-10,CALVERT,HAKAI,ROCKY,3,ROCKY02,M,DO13C3198,0,2.008072095,-29.41,GGHATCH
435720,1,2018-10-11,CALVERT,HAKAI,ROCKY,1,ROCKY05,M,DO13C3199,0,2.149565633,-32.42,GGHATCH
435722,1,2018-10-11,CALVERT,HAKAI,ROCKY,3,ROCKY05,M,DO13C3298,0,2.346052612,-33.12,GGHATCH
435721,1,2018-10-11,CALVERT,HAKAI,ROCKY,2,ROCKY05,M,DO13C3299,0,1.966254167,-31.6,GGHATCH
445659,1,2018-10-12,CALVERT,HAKAI,ROCKY,1,ROCKY04,M,DO13C3200,0,,,GGHATCH
445660,1,2018-10-12,CALVERT,HAKAI,ROCKY,2,ROCKY04,M,DO13C3201,0,2.208950911,-31.74,GGHATCH
445661,1,2018-10-12,CALVERT,HAKAI,ROCKY,3,ROCKY04,M,DO13C3202,0,,,GGHATCH
439397,1,2018-10-25,CALVERT,HAKAI,KWAK,1,PRUTH,M,DO13C3048,0,,,
439397,1,2018-10-25,CALVERT,HAKAI,KWAK,1,PRUTH,M,DO13C3049,5,,,
439397,1,2018-10-25,CALVERT,HAKAI,KWAK,1,PRUTH,M,DO13C3050,10,,,
445930,1,2018-11-20,CALVERT,HAKAI,ROCKY,3,ROCKY05,M,DO13C3203,0,1.9,-28.1,GGHATCH
445928,1,2018-11-20,CALVERT,HAKAI,ROCKY,1,ROCKY05,M,DO13C3204,0,1.9,-28.8,GGHATCH
445929,1,2018-11-20,CALVERT,HAKAI,ROCKY,2,ROCKY05,M,DO13C3205,0,1.6,-27.2,GGHATCH
447164,1,2018-11-21,CALVERT,HAKAI,ROCKY,1,ROCKY02,M,DO13C3206,0,1.458019006,-26.41,GGHATCH
447165,1,2018-11-21,CALVERT,HAKAI,ROCKY,2,ROCKY02,M,DO13C3207,0,1.58890414,-27.99,GGHATCH
447166,1,2018-11-21,CALVERT,HAKAI,ROCKY,3,ROCKY02,M,DO13C3208,0,1.63778895,-28.18,GGHATCH
447188,1,2018-11-22,CALVERT,HAKAI,ROCKY,1,ROCKY04,M,DO13C3209,0,1.605659015,-27.7,GGHATCH
447189,1,2018-11-22,CALVERT,HAKAI,ROCKY,2,ROCKY04,M,DO13C3210,0,1.587524327,-28.55,GGHATCH
447190,1,2018-11-22,CALVERT,HAKAI,ROCKY,3,ROCKY04,M,DO13C3211,0,1.038752919,-22.66,GGHATCH
447185,1,2018-11-22,CALVERT,HAKAI,ROCKY,1,ROCKY07,M,DO13C3212,0,1.192503529,-23.26,GGHATCH
447186,1,2018-11-22,CALVERT,HAKAI,ROCKY,2,ROCKY07,M,DO13C3213,0,1.086257915,-23.64,GGHATCH
447187,1,2018-11-22,CALVERT,HAKAI,ROCKY,3,ROCKY07,M,DO13C3214,0,1.118979199,-23.9,GGHATCH
447310,1,2018-11-23,CALVERT,HAKAI,KWAK,1,PRUTH,M,DO13C3061,0,1.604082085,-28.65,GGHATCH
447310,1,2018-11-23,CALVERT,HAKAI,KWAK,1,PRUTH,M,DO13C3062,5,1.758424044,-29.69,GGHATCH
447310,1,2018-11-23,CALVERT,HAKAI,KWAK,1,PRUTH,M,DO13C3063,10,1.563673271,-29.84,GGHATCH
447333,1,2018-11-23,CALVERT,HAKAI,ROCKY,1,ROCKY03,M,DO13C3215,0,1.089806006,-24.26,GGHATCH
447334,1,2018-11-23,CALVERT,HAKAI,ROCKY,2,ROCKY03,M,DO13C3216,0,1.073248248,-24.41,GGHATCH
447335,1,2018-11-23,CALVERT,HAKAI,ROCKY,3,ROCKY03,M,DO13C3217,0,1.057676071,-24.75,GGHATCH
447338,1,2018-11-24,CALVERT,HAKAI,ROCKY,1,ROCKY06,M,DO13C3218,0,1.8,-25.7,GGHATCH
447339,1,2018-11-24,CALVERT,HAKAI,ROCKY,2,ROCKY06,M,DO13C3219,0,,,GGHATCH
447340,1,2018-11-24,CALVERT,HAKAI,ROCKY,3,ROCKY06,M,DO13C3220,0,3.3,-20.9,GGHATCH
458453,1,2019-01-20,CALVERT,HAKAI,ROCKY,2,ROCKY04,M,DO13C3230,0,,,
458452,1,2019-01-20,CALVERT,HAKAI,ROCKY,1,ROCKY04,M,DO13C3231,0,,,
458454,1,2019-01-20,CALVERT,HAKAI,ROCKY,3,ROCKY04,M,DO13C3232,0,,,
458649,1,2019-01-22,CALVERT,HAKAI,ROCKY,3,ROCKY02,M,DO13C3233,0,,,
458647,1,2019-01-22,CALVERT,HAKAI,ROCKY,1,ROCKY02,M,DO13C3234,0,,,
458648,1,2019-01-22,CALVERT,HAKAI,ROCKY,2,ROCKY02,M,DO13C3235,0,,,
458811,1,2019-01-23,CALVERT,HAKAI,KWAK,1,PRUTH,M,DO13C3073,0,,,
458811,1,2019-01-23,CALVERT,HAKAI,KWAK,1,PRUTH,M,DO13C3074,5,,,
458811,1,2019-01-23,CALVERT,HAKAI,KWAK,1,PRUTH,M,DO13C3075,10,,,
458651,1,2019-01-24,CALVERT,HAKAI,ROCKY,2,ROCKY05,M,DO13C3221,0,,,
458650,1,2019-01-24,CALVERT,HAKAI,ROCKY,1,ROCKY05,M,DO13C3222,0,,,
458652,1,2019-01-24,CALVERT,HAKAI,ROCKY,3,ROCKY05,M,DO13C3223,0,,,
470815,1,2019-02-14,CALVERT,HAKAI,KWAK,2,PRUTH,M,DO13C3093,0,1.405730244,-24.58,GGHATCH
470815,1,2019-02-14,CALVERT,HAKAI,KWAK,2,PRUTH,M,DO13C3094,5,1.247395134,-23.39,GGHATCH
470815,1,2019-02-14,CALVERT,HAKAI,KWAK,2,PRUTH,M,DO13C3095,10,1.543528164,-24.42,GGHATCH
470804,1,2019-02-15,CALVERT,HAKAI,ROCKY,1,ROCKY05,M,DO13C3245,0,2.170464534,-30.95,GGHATCH
470805,1,2019-02-15,CALVERT,HAKAI,ROCKY,2,ROCKY05,M,DO13C3246,0,2.442747924,-31.66,GGHATCH
470806,1,2019-02-15,CALVERT,HAKAI,ROCKY,3,ROCKY05,M,DO13C3247,0,1.140955074,-23.86,GGHATCH
471106,1,2019-02-16,CALVERT,HAKAI,ROCKY,1,ROCKY04,M,DO13C3224,0,1.548165594,-27.61,GGHATCH
471107,1,2019-02-16,CALVERT,HAKAI,ROCKY,2,ROCKY04,M,DO13C3225,0,1.248940944,-25.57,GGHATCH
471108,1,2019-02-16,CALVERT,HAKAI,ROCKY,3,ROCKY04,M,DO13C3226,0,1.324464804,-26.04,GGHATCH
472411,1,2019-02-20,CALVERT,HAKAI,ROCKY,1,ROCKY02,M,DO13C3227,0,1.449896244,-26.11,GGHATCH
472412,1,2019-02-20,CALVERT,HAKAI,ROCKY,2,ROCKY02,M,DO13C3228,0,1.483904064,-27.62,GGHATCH
472413,1,2019-02-20,CALVERT,HAKAI,ROCKY,3,ROCKY02,M,DO13C3229,0,1.584602544,-26.87,GGHATCH
472429,1,2019-02-20,CALVERT,HAKAI,ROCKY,1,ROCKY03,M,DO13C3239,0,2.025600054,-29.81,GGHATCH
472430,1,2019-02-20,CALVERT,HAKAI,ROCKY,2,ROCKY03,M,DO13C3240,0,1.957805244,-29.65,GGHATCH
472431,1,2019-02-20,CALVERT,HAKAI,ROCKY,3,ROCKY03,M,DO13C3241,0,1.761487374,-28.86,GGHATCH
472425,1,2019-02-20,CALVERT,HAKAI,ROCKY,1,ROCKY07,M,DO13C3242,0,1.548386424,-23.26,GGHATCH
472426,1,2019-02-20,CALVERT,HAKAI,ROCKY,2,ROCKY07,M,DO13C3243,0,1.934176434,-29.55,GGHATCH
472427,1,2019-02-20,CALVERT,HAKAI,ROCKY,3,ROCKY07,M,DO13C3244,0,1.948530384,-29.53,GGHATCH
472570,1,2019-02-21,CALVERT,HAKAI,ROCKY,1,ROCKY06,M,DO13C3236,0,2.138885844,-30.64,GGHATCH
472571,1,2019-02-21,CALVERT,HAKAI,ROCKY,2,ROCKY06,M,DO13C3237,0,2.223905394,-30.97,GGHATCH
472572,1,2019-02-21,CALVERT,HAKAI,ROCKY,3,ROCKY06,M,DO13C3238,0,2.089419924,-30.84,GGHATCH
504421,1,2019-03-13,CALVERT,HAKAI,KWAK,2,PRUTH,M,DO13C3511,0,,,
504421,1,2019-03-13,CALVERT,HAKAI,KWAK,2,PRUTH,M,DO13C3512,5,,,
504421,1,2019-03-13,CALVERT,HAKAI,KWAK,2,PRUTH,M,DO13C3513,10,,,
510723,1,2019-03-22,CALVERT,HAKAI,ROCKY,3,ROCKY02,M,DO13C3269,0,1.454382222,-26.55,GGHATCH
510724,1,2019-03-22,CALVERT,HAKAI,ROCKY,2,ROCKY02,M,DO13C3270,0,1.666275556,-26.96,GGHATCH
510725,1,2019-03-22,CALVERT,HAKAI,ROCKY,1,ROCKY02,M,DO13C3271,0,1.577084444,-23.2,GGHATCH
503479,1,2019-03-23,CALVERT,HAKAI,ROCKY,3,ROCKY04,M,DO13C3263,0,1.051733333,-24.41,GGHATCH
503478,1,2019-03-23,CALVERT,HAKAI,ROCKY,2,ROCKY04,M,DO13C3264,0,1.571542222,-24.44,GGHATCH
503477,1,2019-03-23,CALVERT,HAKAI,ROCKY,1,ROCKY04,M,DO13C3265,0,1.653386667,-24.47,GGHATCH
503481,1,2019-03-24,CALVERT,HAKAI,ROCKY,2,ROCKY05,M,DO13C3266,0,1.555431111,-25.67,GGHATCH
503482,1,2019-03-24,CALVERT,HAKAI,ROCKY,3,ROCKY05,M,DO13C3267,0,1.800964444,-26.48,GGHATCH
503480,1,2019-03-24,CALVERT,HAKAI,ROCKY,1,ROCKY05,M,DO13C3268,0,1.732395556,-26.15,GGHATCH
508092,1,2019-04-16,CALVERT,HAKAI,KWAK,1,PRUTH,M,DO13C3527,0,1.024941667,-22.61,GGHATCH
508092,1,2019-04-16,CALVERT,HAKAI,KWAK,1,PRUTH,M,DO13C3528,5,0.994175,-21.95,GGHATCH
508092,1,2019-04-16,CALVERT,HAKAI,KWAK,1,PRUTH,M,DO13C3529,10,1.022016667,-21.21,GGHATCH
509136,1,2019-04-24,CALVERT,HAKAI,ROCKY,1,ROCKY04,M,DO13C3253,0,1.192208333,-22.68,GGHATCH
509138,1,2019-04-24,CALVERT,HAKAI,ROCKY,3,ROCKY04,M,DO13C3256,0,1.119191667,-22.92,GGHATCH
509137,1,2019-04-24,CALVERT,HAKAI,ROCKY,2,ROCKY04,M,DO13C3257,0,1.018658333,-22.15,GGHATCH
509143,1,2019-04-25,CALVERT,HAKAI,ROCKY,1,ROCKY05,M,DO13C3252,0,1.2168,-22.25,GGHATCH
509145,1,2019-04-25,CALVERT,HAKAI,ROCKY,3,ROCKY05,M,DO13C3255,0,1.068491667,-22.81,GGHATCH
509144,1,2019-04-25,CALVERT,HAKAI,ROCKY,2,ROCKY05,M,DO13C3259,0,1.150283333,-21.86,GGHATCH
510720,1,2019-04-26,CALVERT,HAKAI,ROCKY,1,ROCKY02,M,DO13C3251,0,1.095575,-22.54,GGHATCH
510722,1,2019-04-26,CALVERT,HAKAI,ROCKY,3,ROCKY02,M,DO13C3254,0,1.095033333,-22.89,GGHATCH
510721,1,2019-04-26,CALVERT,HAKAI,ROCKY,2,ROCKY02,M,DO13C3258,0,1.029925,-23.11,GGHATCH
512537,1,2019-05-11,CALVERT,HAKAI,KWAK,1,PRUTH,M,DO13C3530,0,1.142907505,-19.7,GGHATCH
512539,1,2019-05-11,CALVERT,HAKAI,KWAK,2,PRUTH,M,DO13C3531,5,1.238094705,-20.83,GGHATCH
512537,1,2019-05-11,CALVERT,HAKAI,KWAK,1,PRUTH,M,DO13C3532,10,1.051934322,-22.11,GGHATCH
511965,1,2019-05-13,CALVERT,HAKAI,QCS_V1,1,QCS01,M,DO13C3058,0,1.982736238,-18.54,GGHATCH
511965,1,2019-05-13,CALVERT,HAKAI,QCS_V1,1,QCS01,M,DO13C3059,5,1.452018022,-20.61,GGHATCH
511965,1,2019-05-13,CALVERT,HAKAI,QCS_V1,1,QCS01,M,DO13C3060,10,1.615621022,-19.59,GGHATCH
512796,1,2019-05-18,CALVERT,HAKAI,ROCKY,3,ROCKY02,M,DO13C3275,0,,,
512795,1,2019-05-18,CALVERT,HAKAI,ROCKY,2,ROCKY02,M,DO13C3276,0,,,
512794,1,2019-05-18,CALVERT,HAKAI,ROCKY,1,ROCKY02,M,DO13C3377,0,,,
512821,1,2019-05-19,CALVERT,HAKAI,ROCKY,1,ROCKY05,M,DO13C3260,0,,,
512822,1,2019-05-19,CALVERT,HAKAI,ROCKY,2,ROCKY05,M,DO13C3261,0,,,
512823,1,2019-05-19,CALVERT,HAKAI,ROCKY,3,ROCKY05,M,DO13C3262,0,,,
512826,1,2019-05-20,CALVERT,HAKAI,ROCKY,3,ROCKY04,M,DO13C3272,0,,,
512825,1,2019-05-20,CALVERT,HAKAI,ROCKY,2,ROCKY04,M,DO13C3273,0,,,
512824,1,2019-05-20,CALVERT,HAKAI,ROCKY,1,ROCKY04,M,DO13C3274,0,,,
512960,1,2019-05-20,CALVERT,HAKAI,ROCKY,3,ROCKY03,M,DO13C3284,0,,,
512959,1,2019-05-20,CALVERT,HAKAI,ROCKY,2,ROCKY03,M,DO13C3285,0,,,
512958,1,2019-05-20,CALVERT,HAKAI,ROCKY,1,ROCKY03,M,DO13C3286,0,,,
512963,1,2019-05-22,CALVERT,HAKAI,ROCKY,3,ROCKY07,M,DO13C3281,0,,,
512962,1,2019-05-22,CALVERT,HAKAI,ROCKY,2,ROCKY07,M,DO13C3282,0,,,
512961,1,2019-05-22,CALVERT,HAKAI,ROCKY,1,ROCKY07,M,DO13C3283,0,,,
513009,1,2019-05-23,CALVERT,HAKAI,ROCKY,3,ROCKY06,M,DO13C3278,0,,,
513008,1,2019-05-23,CALVERT,HAKAI,ROCKY,2,ROCKY06,M,DO13C3279,0,,,
513007,1,2019-05-23,CALVERT,HAKAI,ROCKY,1,ROCKY06,M,DO13C3280,0,,,
517520,1,2019-06-04,CALVERT,HAKAI,ROCKY,1,ROCKY02,M,DO13C3296,0,6.667058083,-15.86,GGHATCH
517521,1,2019-06-04,CALVERT,HAKAI,ROCKY,2,ROCKY02,M,DO13C3297,0,5.336647625,-15.65,GGHATCH
517522,1,2019-06-04,CALVERT,HAKAI,ROCKY,3,ROCKY02,M,DO13C3798,0,4.048624663,-16.02,GGHATCH
521262,1,2019-06-05,CALVERT,HAKAI,ROCKY,1,ROCKY05,M,DO13C3293,0,1.281680308,-21.99,GGHATCH
521264,1,2019-06-05,CALVERT,HAKAI,ROCKY,3,ROCKY05,M,DO13C3294,0,1.192264349,-21.34,GGHATCH
521263,1,2019-06-05,CALVERT,HAKAI,ROCKY,2,ROCKY05,M,DO13C3295,0,1.239292812,-20.82,GGHATCH
521265,1,2019-06-06,CALVERT,HAKAI,ROCKY,1,ROCKY04,M,DO13C3290,0,1.137500942,-21.17,GGHATCH
521267,1,2019-06-06,CALVERT,HAKAI,ROCKY,3,ROCKY04,M,DO13C3291,0,1.215159785,-21.87,GGHATCH
521266,1,2019-06-06,CALVERT,HAKAI,ROCKY,2,ROCKY04,M,DO13C3292,0,1.405130022,-22.03,GGHATCH
521308,1,2019-06-09,CALVERT,HAKAI,QCS_V1,2,QCS01,M,DO13C3546,0,1.365527106,-21.02,GGHATCH
521308,1,2019-06-09,CALVERT,HAKAI,QCS_V1,2,QCS01,M,DO13C3547,5,1.355316979,-19.15,GGHATCH
521308,1,2019-06-09,CALVERT,HAKAI,QCS_V1,2,QCS01,M,CM1033,10,,,
521371,1,2019-06-10,CALVERT,HAKAI,KWAK,3,PRUTH,M,DO13C3562,0,1.188860973,-22.55,GGHATCH
521371,1,2019-06-10,CALVERT,HAKAI,KWAK,3,PRUTH,M,DO13C3563,5,1.148020466,-22.17,GGHATCH
521371,1,2019-06-10,CALVERT,HAKAI,KWAK,3,PRUTH,M,DO13C3564,10,1.153280228,-22.07,GGHATCH
521470,1,2019-06-15,CALVERT,HAKAI,ROCKY,1,ROCKY03,M,DO13C3814,0,1.129245536,-22.9,GGHATCH
521471,1,2019-06-15,CALVERT,HAKAI,ROCKY,2,ROCKY03,M,DO13C3815,0,1.107247247,-22.26,GGHATCH
521472,1,2019-06-15,CALVERT,HAKAI,ROCKY,3,ROCKY03,M,DO13C3816,0,1.179782148,-21.95,GGHATCH
521473,1,2019-06-16,CALVERT,HAKAI,ROCKY,1,ROCKY06,M,DO13C3811,0,1.389657722,-22.2,GGHATCH
521474,1,2019-06-16,CALVERT,HAKAI,ROCKY,2,ROCKY06,M,DO13C3812,0,1.342688401,-21.83,GGHATCH
521475,1,2019-06-16,CALVERT,HAKAI,ROCKY,3,ROCKY06,M,DO13C3813,0,1.189294922,-21.82,GGHATCH
521870,1,2019-06-17,CALVERT,HAKAI,ROCKY,1,ROCKY07,M,DO13C3808,0,1.348039336,-19.67,GGHATCH
521871,1,2019-06-17,CALVERT,HAKAI,ROCKY,2,ROCKY07,M,DO13C3809,0,1.19702405,-22.26,GGHATCH
521872,1,2019-06-17,CALVERT,HAKAI,ROCKY,3,ROCKY07,M,DO13C3810,0,1.111409085,-22.6,GGHATCH
521993,1,2019-06-21,CALVERT,HAKAI,ROCKY,3,ROCKY02,M,DO13C3802,0,1.132812827,-21.39,GGHATCH
521991,1,2019-06-21,CALVERT,HAKAI,ROCKY,1,ROCKY02,M,DO13C3805,0,1.452679849,-22.29,GGHATCH
521992,1,2019-06-21,CALVERT,HAKAI,ROCKY,2,ROCKY02,M,DO13C3807,1,1.384306787,-21.84,GGHATCH
521996,1,2019-06-22,CALVERT,HAKAI,ROCKY,2,ROCKY05,M,DO13C3799,0,1.227940566,-22.43,GGHATCH
521995,1,2019-06-22,CALVERT,HAKAI,ROCKY,1,ROCKY05,M,DO13C3800,0,1.878376482,-26.25,GGHATCH
521997,1,2019-06-22,CALVERT,HAKAI,ROCKY,3,ROCKY05,M,DO13C3803,0,1.51451288,-24.56,GGHATCH
522008,1,2019-06-23,CALVERT,HAKAI,ROCKY,1,ROCKY04,M,DO13C3801,0,1.305231854,-24.42,GGHATCH
522009,1,2019-06-23,CALVERT,HAKAI,ROCKY,2,ROCKY04,M,DO13C3804,0,1.549591234,-22.2,GGHATCH
522010,1,2019-06-23,CALVERT,HAKAI,ROCKY,3,ROCKY04,M,DO13C3806,0,1.395008657,-18.77,GGHATCH
524343,1,2019-07-07,CALVERT,HAKAI,QCS_V1,2,QCS01,M,DO13C3581,0,1.232696953,-22.58,GGHATCH
524343,1,2019-07-07,CALVERT,HAKAI,QCS_V1,2,QCS01,M,DO13C3582,5,1.067412506,-21.99,GGHATCH
524343,1,2019-07-07,CALVERT,HAKAI,QCS_V1,2,QCS01,M,DO13C3548,10,1.227346017,-22.54,GGHATCH
524980,1,2019-07-16,CALVERT,HAKAI,ROCKY,1,ROCKY02,M,DO13C3823,0,1.669048532,-21.95,GGHATCH
524981,1,2019-07-16,CALVERT,HAKAI,ROCKY,2,ROCKY02,M,DO13C3824,0,3.416751279,-23.76,GGHATCH
524982,1,2019-07-16,CALVERT,HAKAI,ROCKY,3,ROCKY02,M,DO13C3825,0,4.972829277,-24.87,GGHATCH
525131,1,2019-07-17,CALVERT,HAKAI,ROCKY,3,ROCKY04,M,DO13C3820,0,1.260289557,-22.82,GGHATCH
525130,1,2019-07-17,CALVERT,HAKAI,ROCKY,2,ROCKY04,M,DO13C3821,0,1.79598854,-23.09,GGHATCH
525129,1,2019-07-17,CALVERT,HAKAI,ROCKY,1,ROCKY04,M,DO13C3822,0,1.471957466,-23.1,GGHATCH
525178,1,2019-07-18,CALVERT,HAKAI,ROCKY,2,ROCKY05,M,DO13C3817,0,1.312826929,-22.75,GGHATCH
525179,1,2019-07-18,CALVERT,HAKAI,ROCKY,3,ROCKY05,M,DO13C3818,0,1.194390079,-23.11,GGHATCH
525177,1,2019-07-18,CALVERT,HAKAI,ROCKY,1,ROCKY05,M,DO13C3819,0,1.216559028,-24.23,GGHATCH
1059113,1,2019-08-03,CALVERT,HAKAI,KWAK,1,PRUTH,M,DO13C3568,0,1.351375815,-23.28,GGHATCH
1059113,1,2019-08-03,CALVERT,HAKAI,KWAK,1,PRUTH,M,DO13C3569,5,0.874818972,-22.6,GGHATCH
1059113,1,2019-08-03,CALVERT,HAKAI,KWAK,1,PRUTH,M,DO13C3570,10,0.838613324,-22.17,GGHATCH
1058444,1,2019-08-06,CALVERT,HAKAI,QCS_V1,1,QCS01,M,DO13C3583,0,1.198859522,-22.09,GGHATCH
1058444,1,2019-08-06,CALVERT,HAKAI,QCS_V1,1,QCS01,M,DO13C3584,5,0.962617668,-21.69,GGHATCH
1058444,1,2019-08-06,CALVERT,HAKAI,QCS_V1,1,QCS01,M,DO13C3585,10,0.857621289,-22.16,GGHATCH
1599188,1,2019-08-28,CALVERT,HAKAI,ROCKY,1,ROCKY06,M,DO13C3826,0,,,
1599189,1,2019-08-28,CALVERT,HAKAI,ROCKY,2,ROCKY06,M,DO13C3827,0,,,
1599190,1,2019-08-28,CALVERT,HAKAI,ROCKY,3,ROCKY06,M,DO13C3828,0,,,
1599262,1,2019-08-29,CALVERT,HAKAI,ROCKY,1,ROCKY03,M,DO13C3830,0,,,
1599263,1,2019-08-29,CALVERT,HAKAI,ROCKY,2,ROCKY03,M,DO13C3831,0,,,
1599264,1,2019-08-29,CALVERT,HAKAI,ROCKY,3,ROCKY03,M,DO13C3832,0,,,
1599380,1,2019-08-31,CALVERT,HAKAI,QCS_V1,1,QCS01,M,DO13C3611,0,0.702389573,-22.24,GGHATCH
1599380,1,2019-08-31,CALVERT,HAKAI,QCS_V1,1,QCS01,M,DO13C3612,5,0.796524258,-23.09,GGHATCH
1599380,1,2019-08-31,CALVERT,HAKAI,QCS_V1,1,QCS01,M,DO13C3613,10,0.687002172,-22.99,GGHATCH
1637775,1,2019-10-05,CALVERT,HAKAI,QCS_V1,1,QCS01,M,DO13C3621,0,,,
1637775,1,2019-10-05,CALVERT,HAKAI,QCS_V1,1,QCS01,M,DO13C3622,5,,,
1637775,1,2019-10-05,CALVERT,HAKAI,QCS_V1,1,QCS01,M,DO13C3623,10,,,
1659687,1,2019-11-24,CALVERT,HAKAI,ROCKY,1,ROCKY07,M,DO13C3844,0,,,
1659688,1,2019-11-24,CALVERT,HAKAI,ROCKY,2,ROCKY07,M,DO13C3845,0,,,
1659689,1,2019-11-24,CALVERT,HAKAI,ROCKY,3,ROCKY07,M,DO13C3846,0,,,
1662899,1,2019-11-25,CALVERT,HAKAI,ROCKY,3,ROCKY06,M,DO13C3829,0,,,
1662898,1,2019-11-25,CALVERT,HAKAI,ROCKY,2,ROCKY06,M,DO13C3836,0,,,
1662897,1,2019-11-25,CALVERT,HAKAI,ROCKY,1,ROCKY06,M,DO13C3837,0,,,
1659681,1,2019-11-25,CALVERT,HAKAI,ROCKY,1,ROCKY05,M,DO13C3850,0,,,
1659682,1,2019-11-25,CALVERT,HAKAI,ROCKY,2,ROCKY05,M,DO13C3851,0,,,
1659683,1,2019-11-25,CALVERT,HAKAI,ROCKY,3,ROCKY05,M,DO13C3852,0,,,
1660312,1,2019-11-27,CALVERT,HAKAI,ROCKY,1,ROCKY03,M,DO13C3847,0,,,
1660313,1,2019-11-27,CALVERT,HAKAI,ROCKY,2,ROCKY03,M,DO13C3848,0,,,
1660314,1,2019-11-27,CALVERT,HAKAI,ROCKY,3,ROCKY03,M,DO13C3849,0,,,
1664062,1,2019-11-28,CALVERT,HAKAI,QCS_V1,1,QCS01,M,DO13C3632,0,,,
1664062,1,2019-11-28,CALVERT,HAKAI,QCS_V1,1,QCS01,M,DO13C3633,5,,,
1664062,1,2019-11-28,CALVERT,HAKAI,QCS_V1,1,QCS01,M,DO13C3634,10,,,